k,C
1,199
2,198
3,197
4,196
5,195
6,194
7,193
8,192
9,191
10,190
11,189
12,188
13,187
14,186
15,185
16,184
17,183
18,182
19,181
20,180
21,179
22,178
23,177
24,176
25,176
26,175
27,175
28,174
29,174
30,173
31,173
32,172
33,171
34,170
35,169
36,168
37,168
38,167
39,166
40,165
41,164
42,163
43,162
44,162
45,161
46,160
47,160
48,159
49,158
50,157
51,157
52,156
53,155
54,154
55,153
56,152
57,151
58,151
59,150
60,150
61,149
62,149
63,148
64,148
65,147
66,146
67,145
68,145
69,144
70,144
71,143
72,142
73,141
74,140
75,139
76,138
77,137
78,136
79,135
80,134
81,133
82,133
83,132
84,131
85,130
86,130
87,129
88,128
89,127
90,126
91,125
92,124
93,124
94,124
95,123
96,122
97,121
98,120
99,119
100,118
101,117
102,117
103,116
104,115
105,115
106,114
107,114
108,114
109,113
110,112
111,112
112,111
113,111
114,111
115,110
116,109
117,109
118,108
119,108
120,108
121,108
122,108
123,108
124,107
125,107
126,106
127,106
128,106
129,105
130,104
131,104
132,103
133,102
134,101
135,100
136,100
137,99
138,98
139,97
140,97
141,97
142,96
143,96
144,95
145,94
146,93
147,92
148,91
149,91
150,91
151,90
152,90
153,89
154,88
155,87
156,87
157,86
158,85
159,84
160,83
161,82
162,82
163,82
164,81
165,80
166,80
167,79
168,78
169,78
170,77
171,76
172,76
173,76
174,76
175,75
176,74
177,73
178,73
179,73
180,72
181,72
182,72
183,71
184,71
185,70
186,69
187,69
188,68
189,67
190,66
191,66
192,65
193,64
194,64
195,63
196,62
197,62
198,61
199,60
200,60
201,60
202,59
203,59
204,58
205,58
206,58
207,58
208,58
209,58
210,57
211,56
212,56
213,55
214,55
215,55
216,55
217,55
218,55
219,55
220,55
221,54
222,53
223,53
224,53
225,52
226,52
227,52
228,52
229,52
230,52
231,52
232,52
233,51
234,51
235,51
236,51
237,50
238,50
239,50
240,50
241,50
242,50
243,50
244,50
245,50
246,49
247,49
248,48
249,48
250,48
251,47
252,47
253,47
254,46
255,46
256,45
257,45
258,44
259,44
260,43
261,43
262,43
263,43
264,43
265,43
266,42
267,42
268,42
269,41
270,40
271,40
272,40
273,40
274,39
275,38
276,38
277,38
278,37
279,37
280,37
281,37
282,37
283,36
284,35
285,35
286,35
287,35
288,35
289,35
290,35
291,35
292,35
293,35
294,34
295,34
296,34
297,33
298,32
299,32
300,32
301,32
302,32
303,32
304,32
305,32
306,32
307,32
308,32
309,32
310,31
311,31
312,31
313,31
314,31
315,31
316,31
317,31
318,30
319,30
320,30
321,30
322,30
323,29
324,29
325,29
326,28
327,28
328,28
329,28
330,28
331,28
332,27
333,27
334,27
335,27
336,27
337,26
338,26
339,26
340,25
341,25
342,25
343,25
344,25
345,25
346,24
347,24
348,23
349,23
350,22
351,22
352,22
353,22
354,22
355,22
356,22
357,22
358,21
359,21
360,21
361,21
362,20
363,20
364,20
365,20
366,20
367,20
368,20
369,19
370,19
371,19
372,19
373,19
374,19
375,19
376,19
377,19
378,19
379,19
380,19
381,19
382,19
383,19
384,19
385,19
386,19
387,18
388,18
389,18
390,18
391,17
392,17
393,17
394,17
395,17
396,17
397,17
398,17
399,17
400,17
401,17
402,17
403,17
404,16
405,16
406,16
407,16
408,16
409,16
410,16
411,16
412,16
413,15
414,15
415,15
416,15
417,15
418,15
419,15
420,15
421,15
422,15
423,15
424,14
425,14
426,14
427,14
428,14
429,14
430,14
431,13
432,13
433,13
434,12
435,12
436,12
437,12
438,12
439,12
440,12
441,12
442,12
443,11
444,11
445,11
446,11
447,11
448,11
449,11
450,11
451,11
452,11
453,11
454,11
455,11
456,11
457,11
458,11
459,10
460,10
461,10
462,10
463,10
464,10
465,10
466,10
467,10
468,10
469,10
470,10
471,10
472,10
473,10
474,10
475,10
476,10
477,10
478,10
479,10
480,10
481,10
482,10
483,10
484,10
485,10
486,10
487,10
488,9
489,9
490,9
491,9
492,9
493,9
494,8
495,8
496,7
497,7
498,7
499,7
500,7
501,7
502,7
503,7
504,7
505,7
506,7
507,7
508,7
509,7
510,7
511,7
512,7
513,7
514,7
515,7
516,7
517,7
518,7
519,7
520,7
521,7
522,7
523,7
524,7
525,7
526,7
527,6
528,6
529,6
530,6
531,6
532,6
533,6
534,6
535,6
536,6
537,6
538,6
539,6
540,6
541,6
542,6
543,6
544,6
545,6
546,6
547,6
548,6
549,6
550,6
551,6
552,6
553,6
554,6
555,6
556,6
557,6
558,6
559,6
560,6
561,6
562,6
563,6
564,6
565,6
566,6
567,6
568,6
569,6
570,6
571,6
572,6
573,5
574,5
575,5
576,5
577,5
578,5
579,5
580,5
581,5
582,5
583,5
584,5
585,5
586,5
587,5
588,5
589,5
590,5
591,5
592,5
593,5
594,5
595,5
596,5
597,5
598,5
599,5
600,5
601,5
602,5
603,5
604,5
605,5
606,5
607,5
608,4
609,4
610,4
611,4
612,4
613,4
614,4
615,4
616,4
617,4
618,4
619,4
620,4
621,4
622,4
623,4
624,4
625,4
626,4
627,4
628,4
629,4
630,4
631,4
632,4
633,3
634,3
635,3
636,3
637,3
638,3
639,3
640,3
641,3
642,3
643,3
644,3
645,3
646,3
647,3
648,3
649,3
650,3
651,3
652,3
653,3
654,3
655,3
656,3
657,3
658,3
659,3
660,3
661,3
662,3
663,3
664,3
665,3
666,3
667,3
668,3
669,3
670,3
671,3
672,3
673,3
674,3
675,3
676,3
677,3
678,3
679,3
680,3
681,3
682,3
683,3
684,3
685,3
686,3
687,3
688,3
689,3
690,3
691,3
692,3
693,3
694,3
695,3
696,3
697,3
698,3
699,3
700,3
701,3
702,3
703,3
704,3
705,3
706,3
707,3
708,3
709,3
710,3
711,3
712,3
713,3
714,3
715,3
716,3
717,3
718,3
719,3
720,3
721,3
722,3
723,3
724,3
725,3
726,3
727,3
728,3
729,3
730,3
731,3
732,3
733,3
734,3
735,3
736,3
737,3
738,3
739,3
740,3
741,3
742,3
743,3
744,3
745,3
746,3
747,3
748,3
749,3
750,3
751,3
752,3
753,3
754,3
755,3
756,3
757,3
758,3
759,3
760,3
761,3
762,3
763,3
764,3
765,3
766,3
767,3
768,3
769,3
770,3
771,3
772,3
773,3
774,3
775,3
776,3
777,3
778,3
779,3
780,3
781,3
782,3
783,3
784,3
785,3
786,3
787,3
788,3
789,3
790,3
791,3
792,3
793,3
794,3
795,3
796,3
797,3
798,3
799,2
800,2
801,2
802,2
803,2
804,2
805,2
806,2
807,2
808,2
809,2
810,2
811,2
812,2
813,2
814,2
815,2
816,2
817,2
818,2
819,2
820,2
821,2
822,2
823,2
824,2
825,2
826,2
827,2
828,2
829,2
830,2
831,2
832,2
833,2
834,2
835,2
836,2
837,2
838,2
839,2
840,2
841,2
842,2
843,2
844,2
845,2
846,2
847,2
848,2
849,2
850,2
851,2
852,2
853,2
854,2
855,2
856,2
857,2
858,2
859,2
860,2
861,2
862,2
863,2
864,2
865,2
866,2
867,2
868,2
869,2
870,2
871,2
872,2
873,2
874,2
875,2
876,2
877,2
878,2
879,2
880,2
881,2
882,2
883,2
884,2
885,2
886,2
887,2
888,2
889,2
890,2
891,2
892,2
893,2
894,2
895,2
896,2
897,1
