N,semilla,P,tOrdenMs,less,exch,tUnionesMs,K,Uef,Ured,accFind,accUnion,rGrados,rKm
25,1,300,1.9934,22937,22645,0.0322,58,24,34,233,329,0.02800782371321766,3.1141899186726714
25,2,300,1.6545,23140,22846,0.0478,65,24,41,278,374,0.02591624491237259,2.881627271806708
25,3,300,2.0177,23229,22932,0.0398,84,24,60,367,463,0.03323054052263717,3.694903800712027
25,4,300,1.7116,23265,22970,0.0684,66,24,42,255,351,0.02835640869789284,3.152949083118705
25,5,300,1.6276,22127,21834,0.0269,42,24,18,146,242,0.027438543889601992,3.0508916950848453
25,6,300,1.8702,21211,20920,0.0295,52,24,28,217,313,0.022758764284426882,2.530547000785425
25,7,300,1.9858,22769,22476,0.0401,57,24,33,219,315,0.02647400609793032,2.943644738028872
25,8,300,2.0736,22956,22662,0.2237,98,24,74,412,508,0.032018947398243146,3.5601867612106552
25,9,300,1.6468,21422,21129,0.027,45,24,21,165,261,0.022969854281794464,2.5540180975927265
25,10,300,2.5724,20251,19957,0.0288,51,24,27,192,288,0.024620099111636214,2.7375088202228306
50,1,1225,8.6258,398445,397232,0.0966,130,49,81,551,747,0.01850353573442841,2.0574081383110947
50,2,1225,9.104,388152,386934,0.1518,162,49,113,740,936,0.020594028842444403,2.2898500669913933
50,3,1225,9.307,360998,359778,0.0629,140,49,91,590,786,0.01869062455809082,2.078210544614118
50,4,1225,8.9273,369149,367929,0.2754,178,49,129,786,982,0.021652888548205365,2.4075846776749543
50,5,1225,11.3497,379854,378639,0.0556,125,49,76,528,724,0.01884066862414888,2.094893944319114
50,6,1225,9.4729,353913,352702,0.0693,127,49,78,555,751,0.017361470878404634,1.9304219469698112
50,7,1225,8.7445,381158,379944,0.0681,160,49,111,719,915,0.02062752408233676,2.2935744027150244
50,8,1225,9.4471,377285,376067,0.107,215,49,166,1080,1276,0.02275952574263055,2.5306316673230906
50,9,1225,11.0749,364241,363025,0.0976,129,49,80,547,743,0.018056379657994802,2.007688854172442
50,10,1225,10.4294,384113,382894,0.1048,172,49,123,822,1018,0.020080051852872156,2.232700965520855
100,1,4950,57.3974,6237043,6232103,0.2176,344,99,245,1637,2033,0.01471824903976647,1.636522110731634
100,2,4950,69.8818,6171469,6166527,0.1699,330,99,231,1588,1984,0.01470201621704633,1.6347171831733815
100,3,4950,52.9747,6237121,6232177,0.3604,587,99,488,3172,3568,0.01869062455809082,2.078210544614118
100,4,4950,54.3025,5910561,5905622,0.261,392,99,293,1925,2321,0.015716486218127438,1.7475161025935897
100,5,4950,49.0926,6636095,6631158,0.2429,433,99,334,2116,2512,0.01592566855431075,1.7707750865538123
100,6,4950,48.4343,5786368,5781425,0.2163,348,99,249,1716,2112,0.014833455776107021,1.6493319477453396
100,7,4950,42.3718,5938358,5933420,0.1198,230,99,131,922,1318,0.01164199515062748,1.2944734407982694
100,8,4950,60.6478,6200762,6195821,0.3711,606,99,507,3249,3645,0.02028122012425586,2.255068865616009
100,9,4950,49.6101,6113285,6108345,0.1928,293,99,194,1365,1761,0.013026760056860976,1.4484454507223719
100,10,4950,64.6326,6205065,6200124,0.2045,367,99,268,1783,2179,0.01502294056016138,1.6704007608843436
200,1,19900,602.9307,97655303,97635416,0.4325,897,199,698,4688,5484,0.011578472435951628,1.2874103501534615
200,2,19900,684.8182,101046049,101026158,0.3322,633,199,434,3063,3859,0.009690835885002956,1.0775240420534786
200,3,19900,629.8996,100707160,100687268,0.4635,1213,199,1014,7212,8008,0.013219650239923516,1.4698929101770957
200,4,19900,655.9745,98932821,98912933,0.664,1051,199,852,5927,6723,0.012532206589894887,1.3934560507304126
200,5,19900,649.1525,104088910,104069025,0.4065,978,199,779,5458,6254,0.012093027102311719,1.3446236835060401
200,6,19900,563.0946,95882844,95862954,0.3033,666,199,467,3068,3864,0.009604522170120849,1.0679268200957373
200,7,19900,593.0456,97984449,97964565,0.2689,643,199,444,3178,3974,0.0096549550699676,1.0735344542296974
200,8,19900,707.7756,103124775,103104889,0.4237,826,199,627,4322,5118,0.010853757298550959,1.206829274025881
200,9,19900,490.139,98679742,98659852,0.3484,845,199,646,4492,5288,0.010845968871247934,1.2059632787940577
200,10,19900,493.1419,98039880,98019987,0.5979,1266,199,1067,7039,7835,0.013486785269412108,1.4995956541059323
400,1,79800,13114.6739,1596328467,1596248677,0.7017,1699,399,1300,9567,11163,0.007762983788019345,0.863166167389871
400,2,79800,158565.1084,1620764845,1620685056,0.8179,1405,399,1006,7537,9133,0.007170732384787612,0.7973137338645346
400,3,79800,31068.2777,1596538405,1596458614,2.6828,1884,399,1485,10684,12280,0.00805655159729654,0.8958079721034024200,1,19900,686.4833,97655303,97635416,0.5875,897,199,698,4688,5484,0.011578472435951628,1.2874103501534615
200,1,19900,690.1784,97655303,97635416,0.5383,898,199,699,4693,5489,0.011578472435951628,1.2874103501534615
200,1,19900,828.1405,97655303,97635416,1.2645,898,199,699,4693,5489,0.011578472435951628,1.2874103501534615
200,1,19900,332.2744,97655303,97635416,0.3755,897,199,698,4688,5484,0.011578472435951628,1.2874103501534615
