id,lat,lon
0,6.266379995324492,-75.55958357810253
1,6.257750168150995,-75.55754036417717
2,6.252209567163861,-75.5401852541827
3,6.237860586772941,-75.5819694641049
4,6.218823615310424,-75.59650312110779
5,6.250846979682226,-75.54525563202512
6,6.263973221379375,-75.547904069698
7,6.272838094438687,-75.55829694493963
8,6.27389992500603,-75.56559785287402
9,6.266812697883108,-75.54551751976835
10,6.239935171253877,-75.59029640972875
11,6.284875753805184,-75.54683939976685
12,6.292952396988911,-75.56023616815753
13,6.276810927841238,-75.57432920853351
14,6.233356255226418,-75.57837583677325
15,6.233933940699509,-75.60127298942932
16,6.277215468153856,-75.56220735157534
17,6.286311928849546,-75.55956607431983
18,6.250096996856605,-75.59796828213275
19,6.250554271685432,-75.55654226993046
20,6.231660652260846,-75.58038566014447
21,6.276778206654225,-75.57089619244746
22,6.254565954458153,-75.53725856856519
23,6.223993984668061,-75.58867758593193
24,6.25153462180184,-75.55550279594198
